{
  "last_check": {
    "opencode-zen": 1770799292.5749867,
    "openrouter": 1770799305.6375234
  }
}