{
  "last_check": {
    "opencode-zen": 1770783933.2048197,
    "openrouter": 1770783936.935968
  }
}