{
  "last_check": {
    "opencode-zen": 1770805053.7768226,
    "openrouter": 1770805063.9041352
  }
}