{
  "last_check": {
    "opencode-zen": 1770737853.1069162,
    "openrouter": 1770737855.9752831
  }
}