{
  "last_check": {
    "openrouter": 1770822744.0732963,
    "opencode-zen": 1770822748.374299
  }
}