{
  "last_check": {
    "openrouter": 1770947374.8561323,
    "opencode-zen": 1770947374.994981
  }
}