{
  "last_check": {
    "openrouter": 1770933931.6684415,
    "opencode-zen": 1770933931.80754
  }
}