{
  "last_check": {
    "openrouter": 1770937772.792848,
    "opencode-zen": 1770937772.9461598
  }
}