{
  "last_check": {
    "opencode-zen": 1770739824.6781278,
    "openrouter": 1770739829.2167497
  }
}