{
  "last_check": {
    "opencode-zen": 1770743617.47541,
    "openrouter": 1770743619.6886668
  }
}