{
  "last_check": {
    "opencode-zen": 1770785851.8431487,
    "openrouter": 1770785866.1972156
  }
}