{
  "last_check": {
    "openrouter": 1770874411.8995879,
    "opencode-zen": 1770874412.07483
  }
}