{
  "last_check": {
    "openrouter": 1770903214.270924,
    "opencode-zen": 1770903214.406272
  }
}