{
  "last_check": {
    "openrouter": 1770910893.557048,
    "opencode-zen": 1770910893.7011034
  }
}