{
  "last_check": {
    "opencode-zen": 1770816571.487802,
    "openrouter": 1770816586.7360466
  }
}