{
  "last_check": {
    "opencode-zen": 1770741695.6248398,
    "openrouter": 1770741698.1306946
  }
}