{
  "last_check": {
    "openrouter": 1770870570.6576662,
    "opencode-zen": 1770870570.7956638
  }
}