{
  "last_check": {
    "openrouter": 1770893614.5793169,
    "opencode-zen": 1770893614.7136743
  }
}