{
  "last_check": {
    "openrouter": 1770897451.7267704,
    "opencode-zen": 1770897451.8563151
  }
}