{
  "last_check": {
    "openrouter": 1770928175.0386477,
    "opencode-zen": 1770928175.1842308
  }
}