{
  "last_check": {
    "openrouter": 1770912812.4880455,
    "opencode-zen": 1770912812.7002418
  }
}