{
  "last_check": {
    "openrouter": 1770891692.3903034,
    "opencode-zen": 1770891692.5235713
  }
}