{
  "last_check": {
    "openrouter": 1770908970.628723,
    "opencode-zen": 1770908970.777847
  }
}