{
  "last_check": {
    "openrouter": 1770868650.8075452,
    "opencode-zen": 1770868650.9988945
  }
}