{
  "last_check": {
    "openrouter": 1770899371.4715948,
    "opencode-zen": 1770899371.6083815
  }
}