{
  "last_check": {
    "openrouter": 1770922414.5270505,
    "opencode-zen": 1770922414.7274477
  }
}