{
  "last_check": {
    "openrouter": 1770943531.21984,
    "opencode-zen": 1770943531.3745122
  }
}