{
  "last_check": {
    "opencode-zen": 1770808896.7238905,
    "openrouter": 1770808911.770671
  }
}