{
  "last_check": {
    "openrouter": 1770862890.3866851,
    "opencode-zen": 1770862890.53851
  }
}