{
  "last_check": {
    "opencode-zen": 1770818493.4265792,
    "openrouter": 1770818503.958571
  }
}