{
  "last_check": {
    "openrouter": 1770880174.498482,
    "opencode-zen": 1770880174.6461291
  }
}