{
  "last_check": {
    "opencode-zen": 1770739858.539354,
    "openrouter": 1770739862.5350685
  }
}