{
  "last_check": {
    "openrouter": 1770866731.7889357,
    "opencode-zen": 1770866732.1350107
  }
}