{
  "last_check": {
    "openrouter": 1770920492.3826437,
    "opencode-zen": 1770920492.6972172
  }
}