{
  "last_check": {
    "openrouter": 1770924334.3799314,
    "opencode-zen": 1770924334.5480905
  }
}