{
  "last_check": {
    "opencode-zen": 1770778171.4337165,
    "openrouter": 1770778178.67695
  }
}