{
  "last_check": {
    "opencode-zen": 1770770493.9127688,
    "openrouter": 1770770509.0672977
  }
}