{
  "last_check": {
    "openrouter": 1770884011.784923,
    "opencode-zen": 1770884011.9140706
  }
}