{
  "last_check": {
    "opencode-zen": 1770780091.0349815,
    "openrouter": 1770780115.3510463
  }
}