{
  "last_check": {
    "opencode-zen": 1770793534.7359052,
    "openrouter": 1770793544.6343138
  }
}