{
  "last_check": {
    "opencode-zen": 1770789694.0190165,
    "openrouter": 1770789711.1592586
  }
}