{
  "last_check": {
    "openrouter": 1770914732.1140087,
    "opencode-zen": 1770914732.2494283
  }
}