{
  "last_check": {
    "opencode-zen": 1770739824.5252256,
    "openrouter": 1770739827.0876777
  }
}