{
  "last_check": {
    "openrouter": 1770878251.3016574,
    "opencode-zen": 1770878251.4936235
  }
}