{
  "last_check": {
    "openrouter": 1770916651.556572,
    "opencode-zen": 1770916651.6962214
  }
}