{
  "last_check": {
    "openrouter": 1770882091.3960981,
    "opencode-zen": 1770882091.5669072
  }
}