{
  "last_check": {
    "openrouter": 1770889773.785463,
    "opencode-zen": 1770889773.9876947
  }
}