{
  "last_check": {
    "opencode-zen": 1770745472.0626345,
    "openrouter": 1770745476.53032
  }
}