{
  "last_check": {
    "openrouter": 1770907050.9478269,
    "opencode-zen": 1770907051.0829868
  }
}