{
  "last_check": {
    "openrouter": 1770945451.1456075,
    "opencode-zen": 1770945451.3068876
  }
}