{
  "last_check": {
    "opencode-zen": 1770776252.7271655,
    "openrouter": 1770776261.5918136
  }
}