{
  "last_check": {
    "openrouter": 1770930091.5239964,
    "opencode-zen": 1770930091.6874723
  }
}