{
  "last_check": {
    "openrouter": 1770941612.9945877,
    "opencode-zen": 1770941613.1297739
  }
}