{
  "last_check": {
    "opencode-zen": 1770820415.6428697,
    "openrouter": 1770820415.4198167
  }
}