{
  "last_check": {
    "opencode-zen": 1770791612.664296,
    "openrouter": 1770791628.524798
  }
}