{
  "last_check": {
    "openrouter": 1770876334.5874205,
    "opencode-zen": 1770876334.9298909
  }
}