{
  "last_check": {
    "opencode-zen": 1770768571.7601428,
    "openrouter": 1770768582.2930388
  }
}