{
  "last_check": {
    "openrouter": 1770949291.436317,
    "opencode-zen": 1770949291.6184835
  }
}