{
  "last_check": {
    "openrouter": 1770973510.4569943,
    "opencode-zen": 1770973510.4570255
  }
}