{
  "last_check": {
    "opencode-zen": 1770764734.9922655,
    "openrouter": 1770764745.4428136
  }
}