{
  "last_check": {
    "openrouter": 1770939691.863532,
    "opencode-zen": 1770939692.0074642
  }
}