{
  "last_check": {
    "opencode-zen": 1770787770.6776192,
    "openrouter": 1770787774.8370697
  }
}