{
  "last_check": {
    "openrouter": 1770895535.1098702,
    "opencode-zen": 1770895535.2422287
  }
}