{
  "last_check": {
    "opencode-zen": 1770795453.8777754,
    "openrouter": 1770795462.9601157
  }
}