{
  "last_check": {
    "openrouter": 1770905131.900452,
    "opencode-zen": 1770905132.0513651
  }
}