{
  "last_check": {
    "openrouter": 1770968019.9740937,
    "opencode-zen": 1770968019.9741542
  }
}