{
  "last_check": {
    "openrouter": 1770935853.988422,
    "opencode-zen": 1770935854.149447
  }
}