{
  "last_check": {
    "openrouter": 1770951213.101963,
    "opencode-zen": 1770951213.2661936
  }
}