{
  "last_check": {
    "opencode-zen": 1770814650.162334,
    "openrouter": 1770814658.5268226
  }
}