{
  "last_check": {
    "openrouter": 1770918571.6657095,
    "opencode-zen": 1770918571.796808
  }
}