{
  "last_check": {
    "opencode-zen": 1770801210.5251606,
    "openrouter": 1770801220.828306
  }
}