{
  "last_check": {
    "openrouter": 1770887853.332586,
    "opencode-zen": 1770887853.4668381
  }
}