{
  "last_check": {
    "openrouter": 1770901291.2916882,
    "opencode-zen": 1770901291.4699328
  }
}