{
  "last_check": {
    "openrouter": 1770872490.5055752,
    "opencode-zen": 1770872490.6706026
  }
}