{
  "last_check": {
    "openrouter": 1770926251.173553,
    "opencode-zen": 1770926251.3185852
  }
}